"","Echelle","Variance_expliquee"
"1","Intra station",0.0812092556773408
"2","Milieu",0.0812092556773408
"3","Station",0.19591661293789
"4","Gradient",0.641664875707429
