"","Echelle","Variance_expliquee"
"1","Echantillon",0.454616781721414
"2","Station",0.063102571653119
"3","Milieu",0.0706679236060194
"4","Gradient",0.0954226458573374
"5","Massif",0.31619007716211
