"","Echelle","Variance_expliquee"
"1","Intra station",0.0944324217981507
"2","Milieu",0.0944324217981507
"3","Station",0.170765296084989
"4","Gradient",0.640369860318709
