"","Echelle","Variance_expliquee"
"1","Echantillon",0.457739714894273
"2","Station",0.0535127364534671
"3","Milieu",0.0565588460669722
"4","Gradient",0.0863296595661141
"5","Massif",0.345859043019174
