,Guild,Gamma
1,Herbivore,2.56589950958946
2,Predator,2.90040922543079
3,Detritivore,2.36154006169698
4,Parasitoid,1.94591014905531
