"","Echelle","Variance_expliquee"
"1","Intra station",0.223277634644841
"2","Milieu",0.217065485406922
"3","Station",0.230140616246809
"4","Gradient",0.329516263701428
