"","Echelle","Variance_expliquee"
"1","Intra station",0.0578936925417227
"2","Milieu",0.0578936925417227
"3","Station",0.177737604444542
"4","Gradient",0.706475010472012
