"","Echelle","Variance_expliquee"
"1","Intra station",0.232503740806863
"2","Milieu",0.224899575677837
"3","Station",0.232103023009727
"4","Gradient",0.310493660505573
