"","Echelle","Variance_expliquee"
"1","Intra station",0.240949974402043
"2","Milieu",0.228140600785351
"3","Station",0.224155808830472
"4","Gradient",0.306753615982134
